date,base_score,base_quality,rhr_modifier,avg_hr_modifier,stress_modifier,activity_modifier,awake_modifier,segment_modifier,sri,sri_valid_pairs,total_modifier,modifier_note,final_score,final_quality,recommendation
2026-05-29,13.7,Bad,,,,,,,,0,0,"Building personal baseline (resting heart rate/sleep-period average heart rate/activity/night-time awakenings/sleep segments below 14 nights within the last 28 days); this modifier is paused. Sleep Regularity Index (SRI) not computable: needs at least 10 adjacent-night pairs within 28 days. Stress modifier not applied: this night has no pre-sleep wake-window data (the previous night was not recorded, so the start of that window cannot be determined).",13.7,Bad,Sleep quality was poor; this is worth addressing. Sleep was short (3.48 h). Try going to bed earlier; aim for 7.0–9.0 h.
2026-05-30,75.6,Normal,,,,,,,,1,0,Building personal baseline (resting heart rate/sleep-period average heart rate/stress/activity/night-time awakenings/sleep segments below 14 nights within the last 28 days); this modifier is paused. Sleep Regularity Index (SRI) not computable: needs at least 10 adjacent-night pairs within 28 days.,75.6,Normal,"Sleep quality was acceptable, with room to improve. Sleep ran long. Keep a regular schedule; aim for 7.0–9.0 h."
2026-05-31,91.7,Good,,,,,,,,2,0,Building personal baseline (resting heart rate/sleep-period average heart rate/stress/activity/night-time awakenings/sleep segments below 14 nights within the last 28 days); this modifier is paused. Sleep Regularity Index (SRI) not computable: needs at least 10 adjacent-night pairs within 28 days.,91.7,Good,Sleep quality was good. Keep your current routine. 
2026-06-01,55.1,Poor,,,,,,,,3,0,Building personal baseline (resting heart rate/sleep-period average heart rate/stress/activity/night-time awakenings/sleep segments below 14 nights within the last 28 days); this modifier is paused. Sleep Regularity Index (SRI) not computable: needs at least 10 adjacent-night pairs within 28 days.,55.1,Poor,Sleep quality was below average; consider adjusting your routine. Deep sleep share fell outside the usual range. Regular exercise and a consistent bedtime help raise deep sleep.
2026-06-03,98.0,Good,,,,,,,,3,0,"Building personal baseline (resting heart rate/sleep-period average heart rate/activity/night-time awakenings/sleep segments below 14 nights within the last 28 days); this modifier is paused. Sleep Regularity Index (SRI) not computable: needs at least 10 adjacent-night pairs within 28 days. Stress modifier not applied: this night has no pre-sleep wake-window data (the previous night was not recorded, so the start of that window cannot be determined).",98.0,Good,Sleep quality was good. Keep your current routine. 
2026-06-04,82.9,Good,,,,,,,,4,0,Building personal baseline (resting heart rate/sleep-period average heart rate/stress/activity/night-time awakenings/sleep segments below 14 nights within the last 28 days); this modifier is paused. Sleep Regularity Index (SRI) not computable: needs at least 10 adjacent-night pairs within 28 days.,82.9,Good,Sleep quality was good. Keep your current routine. 
2026-06-05,84.6,Good,,,,,,,,5,0,Building personal baseline (resting heart rate/sleep-period average heart rate/stress/activity/night-time awakenings/sleep segments below 14 nights within the last 28 days); this modifier is paused. Sleep Regularity Index (SRI) not computable: needs at least 10 adjacent-night pairs within 28 days.,84.6,Good,Sleep quality was good. Keep your current routine. 
2026-06-06,89.6,Good,,,,,,,,6,0,Building personal baseline (resting heart rate/sleep-period average heart rate/stress/activity/night-time awakenings/sleep segments below 14 nights within the last 28 days); this modifier is paused. Sleep Regularity Index (SRI) not computable: needs at least 10 adjacent-night pairs within 28 days.,89.6,Good,Sleep quality was good. Keep your current routine. 
2026-06-07,74.7,Normal,,,,,,,,7,0,Building personal baseline (resting heart rate/sleep-period average heart rate/stress/activity/night-time awakenings/sleep segments below 14 nights within the last 28 days); this modifier is paused. Sleep Regularity Index (SRI) not computable: needs at least 10 adjacent-night pairs within 28 days.,74.7,Normal,"Sleep quality was acceptable, with room to improve. REM share fell outside the age-based norm. Keep a regular schedule and reduce pre-sleep stress."
2026-06-08,87.5,Good,,,,,,,,8,0,Building personal baseline (resting heart rate/sleep-period average heart rate/stress/activity/night-time awakenings/sleep segments below 14 nights within the last 28 days); this modifier is paused. Sleep Regularity Index (SRI) not computable: needs at least 10 adjacent-night pairs within 28 days.,87.5,Good,Sleep quality was good. Keep your current routine. 
2026-06-09,65.7,Normal,,,,,,,,9,0,Building personal baseline (resting heart rate/sleep-period average heart rate/stress/activity/night-time awakenings/sleep segments below 14 nights within the last 28 days); this modifier is paused. Sleep Regularity Index (SRI) not computable: needs at least 10 adjacent-night pairs within 28 days.,65.7,Normal,"Sleep quality was acceptable, with room to improve. Deep sleep share fell outside the usual range. Regular exercise and a consistent bedtime help raise deep sleep."
2026-06-10,100.0,Good,,,,,,,73.2,10,0,Building personal baseline (resting heart rate/sleep-period average heart rate/stress/activity/night-time awakenings/sleep segments below 14 nights within the last 28 days); this modifier is paused.,100.0,Good,Sleep quality was good. Keep your current routine. 
2026-06-11,96.9,Good,,,,,,,74.4,11,0,Building personal baseline (resting heart rate/sleep-period average heart rate/stress/activity/night-time awakenings/sleep segments below 14 nights within the last 28 days); this modifier is paused.,96.9,Good,Sleep quality was good. Keep your current routine. 
2026-06-12,93.9,Good,0.4,,,,,,75.6,12,0.4,"Building personal baseline (sleep-period average heart rate/stress/night-time awakenings/sleep segments below 14 nights within the last 28 days); this modifier is paused. Activity modifier disabled: daily step baseline is below 1000 steps, indicating the watch was not worn consistently during the day, so this figure cannot reflect real activity.",94.3,Good,Sleep quality was good. Keep your current routine. 
2026-06-13,96.7,Good,0.0,-0.29,,,-0.34,0.15,75.1,13,-0.48,"Building personal baseline (stress below 14 nights within the last 28 days); this modifier is paused. Activity modifier disabled: daily step baseline is below 1000 steps, indicating the watch was not worn consistently during the day, so this figure cannot reflect real activity.",96.2,Good,Sleep quality was good. Keep your current routine. 
2026-06-14,58.6,Poor,0.0,-1.1,,,-0.34,0.5,75.7,14,-0.94,"Building personal baseline (stress below 14 nights within the last 28 days); this modifier is paused. Activity modifier disabled: daily step baseline is below 1000 steps, indicating the watch was not worn consistently during the day, so this figure cannot reflect real activity.",57.7,Poor,Sleep quality was below average; consider adjusting your routine. Deep sleep share fell outside the usual range. Regular exercise and a consistent bedtime help raise deep sleep.
2026-06-15,77.5,Normal,0.4,2.0,4.0,,0.85,1.0,76.4,15,8.25,"Activity modifier disabled: daily step baseline is below 1000 steps, indicating the watch was not worn consistently during the day, so this figure cannot reflect real activity.",85.8,Good,"Sleep quality was acceptable, with room to improve. Sleep was short (5.38 h). Try going to bed earlier; aim for 7.0–9.0 h."
2026-06-17,71.7,Normal,0.4,2.0,,,-1.0,-0.4,76.4,15,1.0,"Activity modifier disabled: daily step baseline is below 1000 steps, indicating the watch was not worn consistently during the day, so this figure cannot reflect real activity. Stress modifier not applied: this night has no pre-sleep wake-window data (the previous night was not recorded, so the start of that window cannot be determined).",72.7,Normal,"Sleep quality was acceptable, with room to improve. Time awake during the night was high. Check your sleep environment (light, noise, temperature) and avoid caffeine before bed."
2026-06-18,76.0,Normal,-0.4,-1.45,-4.0,,0.51,0.65,75.5,16,-4.69,"Activity modifier disabled: daily step baseline is below 1000 steps, indicating the watch was not worn consistently during the day, so this figure cannot reflect real activity.",71.3,Normal,"Sleep quality was acceptable, with room to improve. Sleep was short (5.2 h). Try going to bed earlier; aim for 7.0–9.0 h."
2026-06-21,93.7,Good,-1.2,0.18,,,0.68,1.0,75.5,16,0.66,"Activity modifier disabled: daily step baseline is below 1000 steps, indicating the watch was not worn consistently during the day, so this figure cannot reflect real activity. Stress modifier not applied: this night has no pre-sleep wake-window data (the previous night was not recorded, so the start of that window cannot be determined).",94.4,Good,Sleep quality was good. Keep your current routine. 
2026-06-22,74.3,Normal,0.8,1.81,-4.0,,0.34,0.95,75.3,17,-0.1,"Activity modifier disabled: daily step baseline is below 1000 steps, indicating the watch was not worn consistently during the day, so this figure cannot reflect real activity.",74.2,Normal,"Sleep quality was acceptable, with room to improve. Deep sleep share fell outside the usual range. Regular exercise and a consistent bedtime help raise deep sleep."
2026-06-23,81.8,Good,0.8,1.62,4.0,,-0.34,-0.2,76.1,18,5.88,"Activity modifier disabled: daily step baseline is below 1000 steps, indicating the watch was not worn consistently during the day, so this figure cannot reflect real activity.",87.7,Good,Sleep quality was good. Keep your current routine. 
2026-06-24,64.9,Poor,0.0,0.04,1.09,,-0.34,0.15,75.2,19,0.94,"Activity modifier disabled: daily step baseline is below 1000 steps, indicating the watch was not worn consistently during the day, so this figure cannot reflect real activity.",65.8,Normal,Sleep quality was below average; consider adjusting your routine. Deep sleep share fell outside the usual range. Regular exercise and a consistent bedtime help raise deep sleep.
2026-06-26,94.3,Good,-0.8,0.14,,,0.0,-0.3,76.7,18,-0.96,"Activity modifier disabled: daily step baseline is below 1000 steps, indicating the watch was not worn consistently during the day, so this figure cannot reflect real activity. Stress modifier not applied: this night has no pre-sleep wake-window data (the previous night was not recorded, so the start of that window cannot be determined).",93.3,Good,Sleep quality was good. Keep your current routine. 
2026-06-28,90.7,Good,0.8,0.67,2.85,,0.34,0.55,79.2,18,5.21,"Activity modifier disabled: daily step baseline is below 1000 steps, indicating the watch was not worn consistently during the day, so this figure cannot reflect real activity.",95.9,Good,Sleep quality was good. Keep your current routine. 
2026-06-30,99.9,Good,0.4,1.42,,,0.68,0.1,79.2,18,2.6,"Activity modifier disabled: daily step baseline is below 1000 steps, indicating the watch was not worn consistently during the day, so this figure cannot reflect real activity. Stress modifier not applied: this night has no pre-sleep wake-window data (the previous night was not recorded, so the start of that window cannot be determined).",100.0,Good,Sleep quality was good. Keep your current routine. 
2026-07-01,100.0,Good,1.2,1.29,1.59,,-1.0,-0.95,78.7,18,2.13,"Activity modifier disabled: daily step baseline is below 1000 steps, indicating the watch was not worn consistently during the day, so this figure cannot reflect real activity.",100.0,Good,Sleep quality was good. Keep your current routine. 
2026-07-02,99.7,Good,0.4,0.03,-4.0,,0.34,0.75,79.9,18,-2.48,"Activity modifier disabled: daily step baseline is below 1000 steps, indicating the watch was not worn consistently during the day, so this figure cannot reflect real activity.",97.2,Good,Sleep quality was good. Keep your current routine. 
2026-07-06,94.9,Good,-2.0,-2.0,,,0.0,-0.1,79.9,14,-4.1,"Activity modifier disabled: daily step baseline is below 1000 steps, indicating the watch was not worn consistently during the day, so this figure cannot reflect real activity. Stress modifier not applied: this night has no pre-sleep wake-window data (the previous night was not recorded, so the start of that window cannot be determined).",90.8,Good,Sleep quality was good. Keep your current routine. 
2026-07-07,84.6,Good,-2.0,-1.3,-4.0,,0.68,1.0,80.4,14,-5.62,"Activity modifier disabled: daily step baseline is below 1000 steps, indicating the watch was not worn consistently during the day, so this figure cannot reflect real activity.",79.0,Normal,Sleep quality was good. Keep your current routine. 
2026-07-09,59.8,Poor,-2.0,-0.21,,,-1.0,-0.8,79.2,12,-4.01,"Activity modifier disabled: daily step baseline is below 1000 steps, indicating the watch was not worn consistently during the day, so this figure cannot reflect real activity. Stress modifier not applied: this night has no pre-sleep wake-window data (the previous night was not recorded, so the start of that window cannot be determined).",55.8,Poor,Sleep quality was below average; consider adjusting your routine. REM share fell outside the age-based norm. Keep a regular schedule and reduce pre-sleep stress.
2026-07-11,83.4,Good,-0.2,-0.42,,,0.34,-0.2,69.5,12,-0.48,"Activity modifier disabled: daily step baseline is below 1000 steps, indicating the watch was not worn consistently during the day, so this figure cannot reflect real activity. Stress modifier not applied: this night has no pre-sleep wake-window data (the previous night was not recorded, so the start of that window cannot be determined).",82.9,Good,Sleep quality was good. Keep your current routine. 
2026-07-12,38.5,Bad,-1.0,0.65,,,0.0,0.5,63.4,12,0.15,"Building personal baseline (stress below 14 nights within the last 28 days); this modifier is paused. Activity modifier disabled: daily step baseline is below 1000 steps, indicating the watch was not worn consistently during the day, so this figure cannot reflect real activity.",38.6,Bad,Sleep quality was poor; this is worth addressing. Sleep ran long. Keep a regular schedule; aim for 7.0–9.0 h.
2026-07-17,94.1,Good,0.0,0.1,,,-0.34,0.7,63.6,11,0.46,"Activity modifier disabled: daily step baseline is below 1000 steps, indicating the watch was not worn consistently during the day, so this figure cannot reflect real activity. Stress modifier not applied: this night has no pre-sleep wake-window data (the previous night was not recorded, so the start of that window cannot be determined).",94.6,Good,Sleep quality was good. Keep your current routine. 
2026-07-19,53.4,Poor,0.4,0.8,,,-1.0,-0.7,62.8,10,-0.5,"Activity modifier disabled: daily step baseline is below 1000 steps, indicating the watch was not worn consistently during the day, so this figure cannot reflect real activity. Stress modifier not applied: this night has no pre-sleep wake-window data (the previous night was not recorded, so the start of that window cannot be determined).",52.9,Poor,Sleep quality was below average; consider adjusting your routine. Deep sleep share fell outside the usual range. Regular exercise and a consistent bedtime help raise deep sleep.
2026-07-20,74.5,Normal,0.2,1.61,,,-0.68,-0.5,60.6,10,0.63,"Building personal baseline (stress below 14 nights within the last 28 days); this modifier is paused. Activity modifier disabled: daily step baseline is below 1000 steps, indicating the watch was not worn consistently during the day, so this figure cannot reflect real activity.",75.1,Normal,"Sleep quality was acceptable, with room to improve. Time awake during the night was high. Check your sleep environment (light, noise, temperature) and avoid caffeine before bed."
2026-07-21,81.0,Good,-0.6,-0.4,,,-1.0,-0.3,63.6,10,-2.3,"Building personal baseline (stress below 14 nights within the last 28 days); this modifier is paused. Activity modifier disabled: daily step baseline is below 1000 steps, indicating the watch was not worn consistently during the day, so this figure cannot reflect real activity.",78.7,Normal,Sleep quality was good. Keep your current routine. 
2026-07-23,86.1,Good,0.0,0.79,,,-0.34,-0.15,63.6,10,0.3,"Activity modifier disabled: daily step baseline is below 1000 steps, indicating the watch was not worn consistently during the day, so this figure cannot reflect real activity. Stress modifier not applied: this night has no pre-sleep wake-window data (the previous night was not recorded, so the start of that window cannot be determined).",86.4,Good,Sleep quality was good. Keep your current routine. 
2026-07-25,68.0,Normal,-1.6,-0.53,,,-1.0,-0.65,,8,-3.78,"Sleep Regularity Index (SRI) not computable: needs at least 10 adjacent-night pairs within 28 days. Activity modifier disabled: daily step baseline is below 1000 steps, indicating the watch was not worn consistently during the day, so this figure cannot reflect real activity. Stress modifier not applied: this night has no pre-sleep wake-window data (the previous night was not recorded, so the start of that window cannot be determined).",64.2,Poor,"Sleep quality was acceptable, with room to improve. Time awake during the night was high. Check your sleep environment (light, noise, temperature) and avoid caffeine before bed."
2026-07-27,97.2,Good,0.8,0.63,,,-0.51,0.05,,8,0.97,"Sleep Regularity Index (SRI) not computable: needs at least 10 adjacent-night pairs within 28 days. Activity modifier disabled: daily step baseline is below 1000 steps, indicating the watch was not worn consistently during the day, so this figure cannot reflect real activity. Stress modifier not applied: this night has no pre-sleep wake-window data (the previous night was not recorded, so the start of that window cannot be determined).",98.2,Good,Sleep quality was good. Keep your current routine. 
2026-08-02,94.8,Good,,,,,,,,0,0.0,Personalized modifiers are disabled for this period: the watch is known to have been worn by more than one person and the wearer cannot be identified from the data. Tier 3 and SRI are within-person measures and are not meaningful across wearers. Tier 1/2 base scores are unaffected.,94.8,Good,Sleep quality was good. Keep your current routine. 
2026-08-04,98.8,Good,,,,,,,,0,0.0,Personalized modifiers are disabled for this period: the watch is known to have been worn by more than one person and the wearer cannot be identified from the data. Tier 3 and SRI are within-person measures and are not meaningful across wearers. Tier 1/2 base scores are unaffected.,98.8,Good,Sleep quality was good. Keep your current routine. 
2026-08-06,38.5,Bad,,,,,,,,0,0.0,Personalized modifiers are disabled for this period: the watch is known to have been worn by more than one person and the wearer cannot be identified from the data. Tier 3 and SRI are within-person measures and are not meaningful across wearers. Tier 1/2 base scores are unaffected.,38.5,Bad,Sleep quality was poor; this is worth addressing. Sleep ran long. Keep a regular schedule; aim for 7.0–9.0 h.
2026-08-07,81.4,Good,,,,,,,,0,0.0,Personalized modifiers are disabled for this period: the watch is known to have been worn by more than one person and the wearer cannot be identified from the data. Tier 3 and SRI are within-person measures and are not meaningful across wearers. Tier 1/2 base scores are unaffected.,81.4,Good,Sleep quality was good. Keep your current routine. 
2026-08-09,37.2,Bad,,,,,,,,0,0.0,Personalized modifiers are disabled for this period: the watch is known to have been worn by more than one person and the wearer cannot be identified from the data. Tier 3 and SRI are within-person measures and are not meaningful across wearers. Tier 1/2 base scores are unaffected.,37.2,Bad,"Sleep quality was poor; this is worth addressing. Time awake during the night was high. Check your sleep environment (light, noise, temperature) and avoid caffeine before bed."
2026-08-17,58.4,Poor,,,,,,,,0,0.0,Personalized modifiers are disabled for this period: the watch is known to have been worn by more than one person and the wearer cannot be identified from the data. Tier 3 and SRI are within-person measures and are not meaningful across wearers. Tier 1/2 base scores are unaffected.,58.4,Poor,Sleep quality was below average; consider adjusting your routine. Deep sleep share fell outside the usual range. Regular exercise and a consistent bedtime help raise deep sleep.
2026-08-18,97.2,Good,,,,,,,,0,0.0,Personalized modifiers are disabled for this period: the watch is known to have been worn by more than one person and the wearer cannot be identified from the data. Tier 3 and SRI are within-person measures and are not meaningful across wearers. Tier 1/2 base scores are unaffected.,97.2,Good,Sleep quality was good. Keep your current routine. 
2026-08-21,43.8,Bad,,,,,,,,0,0.0,Personalized modifiers are disabled for this period: the watch is known to have been worn by more than one person and the wearer cannot be identified from the data. Tier 3 and SRI are within-person measures and are not meaningful across wearers. Tier 1/2 base scores are unaffected.,43.8,Bad,Sleep quality was poor; this is worth addressing. Deep sleep share fell outside the usual range. Regular exercise and a consistent bedtime help raise deep sleep.
2026-08-22,83.5,Good,,,,,,,,0,0.0,Personalized modifiers are disabled for this period: the watch is known to have been worn by more than one person and the wearer cannot be identified from the data. Tier 3 and SRI are within-person measures and are not meaningful across wearers. Tier 1/2 base scores are unaffected.,83.5,Good,Sleep quality was good. Keep your current routine. 
2026-08-23,75.4,Normal,,,,,,,,0,0.0,Personalized modifiers are disabled for this period: the watch is known to have been worn by more than one person and the wearer cannot be identified from the data. Tier 3 and SRI are within-person measures and are not meaningful across wearers. Tier 1/2 base scores are unaffected.,75.4,Normal,"Sleep quality was acceptable, with room to improve. Deep sleep share fell outside the usual range. Regular exercise and a consistent bedtime help raise deep sleep."
2026-08-27,13.8,Bad,,,,,,,,0,0.0,Personalized modifiers are disabled for this period: the watch is known to have been worn by more than one person and the wearer cannot be identified from the data. Tier 3 and SRI are within-person measures and are not meaningful across wearers. Tier 1/2 base scores are unaffected.,13.8,Bad,Sleep quality was poor; this is worth addressing. Sleep was short (3.13 h). Try going to bed earlier; aim for 7.0–9.0 h.
2026-08-28,77.8,Normal,,,,,,,,0,0,Building personal baseline (resting heart rate/sleep-period average heart rate/stress/activity/night-time awakenings/sleep segments below 14 nights within the last 28 days); this modifier is paused. Sleep Regularity Index (SRI) not computable: needs at least 10 adjacent-night pairs within 28 days.,77.8,Normal,"Sleep quality was acceptable, with room to improve. Sleep was short (5.53 h). Try going to bed earlier; aim for 7.0–9.0 h."
2026-08-29,64.8,Poor,,,,,,,,1,0,Building personal baseline (resting heart rate/sleep-period average heart rate/stress/activity/night-time awakenings/sleep segments below 14 nights within the last 28 days); this modifier is paused. Sleep Regularity Index (SRI) not computable: needs at least 10 adjacent-night pairs within 28 days.,64.8,Poor,Sleep quality was below average; consider adjusting your routine. Sleep was short (5.25 h). Try going to bed earlier; aim for 7.0–9.0 h.
2026-08-30,73.0,Normal,,,,,,,,2,0,Building personal baseline (resting heart rate/sleep-period average heart rate/stress/activity/night-time awakenings/sleep segments below 14 nights within the last 28 days); this modifier is paused. Sleep Regularity Index (SRI) not computable: needs at least 10 adjacent-night pairs within 28 days.,73.0,Normal,"Sleep quality was acceptable, with room to improve. Sleep was short (5.22 h). Try going to bed earlier; aim for 7.0–9.0 h."
2026-08-31,82.4,Good,,,,,,,,3,0,Building personal baseline (resting heart rate/sleep-period average heart rate/stress/activity/night-time awakenings/sleep segments below 14 nights within the last 28 days); this modifier is paused. Sleep Regularity Index (SRI) not computable: needs at least 10 adjacent-night pairs within 28 days.,82.4,Good,Sleep quality was good. Keep your current routine. 
2026-09-01,66.9,Normal,,,,,,,,4,0,Building personal baseline (resting heart rate/sleep-period average heart rate/stress/activity/night-time awakenings/sleep segments below 14 nights within the last 28 days); this modifier is paused. Sleep Regularity Index (SRI) not computable: needs at least 10 adjacent-night pairs within 28 days.,66.9,Normal,"Sleep quality was acceptable, with room to improve. Sleep was short (4.88 h). Try going to bed earlier; aim for 7.0–9.0 h."
2026-09-02,70.9,Normal,,,,,,,,5,0,Building personal baseline (resting heart rate/sleep-period average heart rate/stress/activity/night-time awakenings/sleep segments below 14 nights within the last 28 days); this modifier is paused. Sleep Regularity Index (SRI) not computable: needs at least 10 adjacent-night pairs within 28 days.,70.9,Normal,"Sleep quality was acceptable, with room to improve. Sleep was short (5.42 h). Try going to bed earlier; aim for 7.0–9.0 h."
2026-09-03,82.1,Good,,,,,,,,6,0,Building personal baseline (resting heart rate/sleep-period average heart rate/stress/activity/night-time awakenings/sleep segments below 14 nights within the last 28 days); this modifier is paused. Sleep Regularity Index (SRI) not computable: needs at least 10 adjacent-night pairs within 28 days.,82.1,Good,Sleep quality was good. Keep your current routine. 
2026-09-04,69.9,Normal,,,,,,,,7,0,Building personal baseline (resting heart rate/sleep-period average heart rate/stress/activity/night-time awakenings/sleep segments below 14 nights within the last 28 days); this modifier is paused. Sleep Regularity Index (SRI) not computable: needs at least 10 adjacent-night pairs within 28 days.,69.9,Normal,"Sleep quality was acceptable, with room to improve. Sleep was short (5.38 h). Try going to bed earlier; aim for 7.0–9.0 h."
2026-09-05,82.2,Good,,,,,,,,8,0,Building personal baseline (resting heart rate/sleep-period average heart rate/stress/activity/night-time awakenings/sleep segments below 14 nights within the last 28 days); this modifier is paused. Sleep Regularity Index (SRI) not computable: needs at least 10 adjacent-night pairs within 28 days.,82.2,Good,Sleep quality was good. Keep your current routine. 
2026-09-06,74.7,Normal,,,,,,,,9,0,Building personal baseline (resting heart rate/sleep-period average heart rate/stress/activity/night-time awakenings/sleep segments below 14 nights within the last 28 days); this modifier is paused. Sleep Regularity Index (SRI) not computable: needs at least 10 adjacent-night pairs within 28 days.,74.7,Normal,"Sleep quality was acceptable, with room to improve. Sleep was short (5.58 h). Try going to bed earlier; aim for 7.0–9.0 h."
2026-09-07,56.3,Poor,,,,,,,81.7,10,0,Building personal baseline (resting heart rate/sleep-period average heart rate/stress/activity/night-time awakenings/sleep segments below 14 nights within the last 28 days); this modifier is paused.,56.3,Poor,Sleep quality was below average; consider adjusting your routine. Sleep was short (4.03 h). Try going to bed earlier; aim for 7.0–9.0 h.
2026-09-08,72.6,Normal,,,,,,,81.7,11,0,Building personal baseline (resting heart rate/sleep-period average heart rate/stress/activity/night-time awakenings/sleep segments below 14 nights within the last 28 days); this modifier is paused.,72.6,Normal,"Sleep quality was acceptable, with room to improve. REM share fell outside the age-based norm. Keep a regular schedule and reduce pre-sleep stress."
2026-09-09,71.2,Normal,,,,,,,82.4,12,0,Building personal baseline (resting heart rate/sleep-period average heart rate/stress/activity/night-time awakenings/sleep segments below 14 nights within the last 28 days); this modifier is paused.,71.2,Normal,"Sleep quality was acceptable, with room to improve. Sleep was short (4.97 h). Try going to bed earlier; aim for 7.0–9.0 h."
2026-09-10,50.7,Poor,,,,,,,82.4,13,0,Building personal baseline (resting heart rate/sleep-period average heart rate/stress/activity/night-time awakenings/sleep segments below 14 nights within the last 28 days); this modifier is paused.,50.7,Poor,Sleep quality was below average; consider adjusting your routine. Sleep was short (3.32 h). Try going to bed earlier; aim for 7.0–9.0 h.
2026-09-11,67.3,Normal,-0.6,-2.0,-4.0,0.0,0.34,0.3,80.9,14,-5.96,,61.3,Poor,"Sleep quality was acceptable, with room to improve. Sleep was short (5.12 h). Try going to bed earlier; aim for 7.0–9.0 h."
2026-09-12,66.8,Normal,0.0,1.88,-4.0,2.0,-0.34,-1.0,79.4,15,-1.46,,65.3,Normal,"Sleep quality was acceptable, with room to improve. Deep sleep share fell outside the usual range. Regular exercise and a consistent bedtime help raise deep sleep."
2026-09-13,90.9,Good,-0.4,1.83,0.49,0.0,0.34,-0.3,77.4,16,1.96,,92.9,Good,Sleep quality was good. Keep your current routine. 
2026-09-14,59.5,Poor,0.0,-0.06,0.46,0.0,0.0,0.6,75.6,17,1.01,,60.5,Poor,Sleep quality was below average; consider adjusting your routine. Sleep was short (4.05 h). Try going to bed earlier; aim for 7.0–9.0 h.
2026-09-15,56.5,Poor,-1.2,0.78,0.78,2.0,0.34,0.7,75.4,18,3.4,,59.9,Poor,Sleep quality was below average; consider adjusting your routine. Sleep was short (3.13 h). Try going to bed earlier; aim for 7.0–9.0 h.
2026-09-16,76.6,Normal,-0.4,0.31,-4.0,0.0,0.0,0.4,72.9,19,-3.69,,72.9,Normal,"Sleep quality was acceptable, with room to improve. Sleep was short (5.48 h). Try going to bed earlier; aim for 7.0–9.0 h."
2026-09-17,44.8,Bad,-0.2,-0.79,,2.0,-1.0,-0.25,70.3,20,-0.24,"Stress modifier not applied: this night has no pre-sleep wake-window data (the previous night was not recorded, so the start of that window cannot be determined).",44.6,Bad,Sleep quality was poor; this is worth addressing. Sleep was short (4.65 h). Try going to bed earlier; aim for 7.0–9.0 h.
2026-09-18,80.4,Good,-0.4,0.81,-4.0,0.24,-0.34,0.0,67.0,21,-3.69,,76.7,Normal,Sleep quality was good. Keep your current routine. 
2026-09-19,95.5,Good,1.2,2.0,1.11,2.0,0.0,-0.1,65.5,22,6.21,,100.0,Good,Sleep quality was good. Keep your current routine. 
2026-09-20,71.4,Normal,2.0,0.47,4.0,0.0,-0.68,-0.5,66.6,23,5.29,,76.7,Normal,"Sleep quality was acceptable, with room to improve. Deep sleep share fell outside the usual range. Regular exercise and a consistent bedtime help raise deep sleep."
2026-09-21,48.2,Bad,-0.6,-0.59,-4.0,2.0,0.0,0.2,66.2,24,-2.99,,45.2,Bad,Sleep quality was poor; this is worth addressing. Sleep was short (4.0 h). Try going to bed earlier; aim for 7.0–9.0 h.
2026-09-22,37.4,Bad,0.0,-0.84,-2.77,1.15,0.0,0.7,67.2,25,-1.76,,35.6,Bad,Sleep quality was poor; this is worth addressing. Sleep was short (3.47 h). Try going to bed earlier; aim for 7.0–9.0 h.
2026-09-23,57.9,Poor,-0.4,-0.66,-3.96,2.0,-0.34,-0.4,66.1,26,-3.77,,54.1,Poor,Sleep quality was below average; consider adjusting your routine. Sleep was short (3.63 h). Try going to bed earlier; aim for 7.0–9.0 h.
2026-09-24,93.8,Good,0.8,1.2,-2.38,2.0,-0.34,-0.9,65.5,27,0.38,,94.2,Good,Sleep quality was good. Keep your current routine. 
2026-09-25,64.5,Poor,0.4,-2.0,-3.11,2.0,-0.34,-0.1,64.6,27,-3.15,,61.4,Poor,Sleep quality was below average; consider adjusting your routine. REM share fell outside the age-based norm. Keep a regular schedule and reduce pre-sleep stress.
2026-09-26,79.9,Normal,1.0,1.01,-4.0,2.0,-0.34,-0.2,63.6,27,-0.53,,79.4,Normal,"Sleep quality was acceptable, with room to improve. REM share fell outside the age-based norm. Keep a regular schedule and reduce pre-sleep stress."
2026-09-27,26.7,Bad,-0.4,2.0,-1.76,0.0,-1.0,-1.0,61.9,27,-2.16,,24.5,Bad,Sleep quality was poor; this is worth addressing. Sleep ran long. Keep a regular schedule; aim for 7.0–9.0 h.
2026-09-28,82.8,Good,0.2,2.0,-1.58,0.0,-0.17,-0.5,61.0,27,-0.05,,82.8,Good,Sleep quality was good. Keep your current routine. 
2026-09-29,22.0,Bad,-2.0,-1.12,0.66,0.0,-1.0,-0.9,60.0,27,-4.36,,17.6,Bad,Sleep quality was poor; this is worth addressing. Sleep was short (3.73 h). Try going to bed earlier; aim for 7.0–9.0 h.
2026-09-30,57.3,Poor,0.6,-0.52,0.56,2.0,0.17,-0.4,59.7,27,2.41,,59.7,Poor,Sleep quality was below average; consider adjusting your routine. REM share fell outside the age-based norm. Keep a regular schedule and reduce pre-sleep stress.
2026-10-01,56.1,Poor,-1.6,0.01,0.87,0.0,0.17,0.35,59.3,27,-0.2,,55.9,Poor,Sleep quality was below average; consider adjusting your routine. Sleep was short (4.25 h). Try going to bed earlier; aim for 7.0–9.0 h.
2026-10-02,87.1,Good,-1.0,2.0,-4.0,0.0,-0.51,-1.0,58.2,27,-4.51,,82.6,Good,Sleep quality was good. Keep your current routine. 
