date,sleep_start_time,wake_time,total_sleep_minutes,deep_minutes,light_minutes,rem_minutes,awake_minutes,movement_sample_minutes,movement_level_mean,movement_level_max,movement_active_minutes,movement_active_threshold,steps_total,avg_heart_rate,min_heart_rate,max_heart_rate,avg_stress_score,presleep_stress_score,resting_heart_rate,awake_count,sleep_segment_count
2026-05-28,,,0,0,0,0,0,0,,,,1.0,1557,83.72,51.0,108.0,11.12,,,,
2026-05-29,2026-05-29T04:53:00+08:00,2026-05-29T09:08:00+08:00,209,10,175,24,46,375,2.339,7.639,292,1.0,8321,83.68,56.0,140.0,24.79,,58,9,18
2026-05-30,2026-05-30T01:10:00+08:00,2026-05-30T11:40:00+08:00,618,67,360,191,12,750,1.064,5.723,246,1.0,134,57.51,48.0,97.0,2.1,22.69,54,5,27
2026-05-31,2026-05-31T03:14:00+08:00,2026-05-31T09:46:00+08:00,383,62,242,79,9,512,1.165,6.281,190,1.0,475,59.3,45.0,102.0,2.04,4.32,54,5,21
2026-06-01,2026-06-01T01:05:00+08:00,2026-06-01T12:06:00+08:00,655,302,353,0,6,841,0.72,5.916,205,1.0,148,55.25,44.0,99.0,2.79,7.12,51,3,25
2026-06-02,2026-06-02T00:00:00+08:00,2026-06-02T00:00:00+08:00,441,211,230,0,9,60,1.907,5.519,52,1.0,2562,61.14,44.0,123.0,7.88,,50,1,1
2026-06-03,2026-06-03T01:43:00+08:00,2026-06-03T08:35:00+08:00,411,80,232,99,1,532,0.841,7.1,110,1.0,153,56.01,45.0,123.0,5.66,,51,2,18
2026-06-04,2026-06-04T02:56:00+08:00,2026-06-04T08:46:00+08:00,347,65,216,66,3,473,1.351,6.195,165,1.0,437,57.45,46.0,111.0,6.81,3.94,51,2,23
2026-06-05,2026-06-05T00:57:00+08:00,2026-06-05T10:11:00+08:00,553,23,371,159,1,671,0.808,5.739,205,1.0,87,57.49,45.0,104.0,12.08,19.98,52,2,24
2026-06-06,2026-06-06T05:09:00+08:00,2026-06-06T11:22:00+08:00,373,68,221,84,0,493,0.693,6.579,74,1.0,707,65.19,52.0,113.0,15.55,45.89,57,1,12
2026-06-07,2026-06-07T03:34:00+08:00,2026-06-07T11:44:00+08:00,466,43,260,163,24,610,0.84,5.816,150,1.0,163,59.26,48.0,110.0,12.46,30.14,56,5,28
2026-06-08,2026-06-08T02:20:00+08:00,2026-06-08T11:57:00+08:00,566,50,358,158,11,697,0.96,5.518,247,1.0,1175,59.92,48.0,105.0,9.21,11.53,54,3,21
2026-06-09,2026-06-09T01:44:00+08:00,2026-06-09T12:11:00+08:00,614,240,374,0,13,747,0.923,5.835,252,1.0,125,58.55,49.0,97.0,6.07,27.45,52,9,36
2026-06-10,2026-06-10T02:33:00+08:00,2026-06-10T09:54:00+08:00,434,80,260,94,7,561,1.083,5.519,215,1.0,179,58.53,49.0,110.0,5.95,12.56,57,3,24
2026-06-11,2026-06-11T02:58:00+08:00,2026-06-11T11:04:00+08:00,475,48,329,98,11,606,1.107,5.746,259,1.0,195,58.46,45.0,96.0,8.33,8.41,50,5,25
2026-06-12,2026-06-12T02:51:00+08:00,2026-06-12T12:17:00+08:00,552,60,346,146,14,686,1.056,5.987,244,1.0,196,58.42,46.0,100.0,7.3,24.73,52,3,20
2026-06-13,2026-06-13T01:53:00+08:00,2026-06-13T09:30:00+08:00,453,84,237,132,4,577,1.092,6.065,219,1.0,399,59.21,45.0,109.0,7.63,13.28,52,4,22
2026-06-14,2026-06-14T03:14:00+08:00,2026-06-14T10:10:00+08:00,385,18,251,116,31,536,1.284,7.143,222,1.0,356,61.27,47.0,106.0,11.24,31.91,52,4,18
2026-06-15,2026-06-15T04:14:00+08:00,2026-06-15T09:37:00+08:00,323,71,191,61,0,443,0.898,7.261,121,1.0,73,52.56,44.0,91.0,2.93,5.31,51,1,12
2026-06-16,,,0,0,0,0,0,0,,,,1.0,24,50.65,44.0,77.0,2.54,,,,
2026-06-17,2026-06-17T02:55:00+08:00,2026-06-17T12:42:00+08:00,547,81,349,117,40,707,0.73,5.521,157,1.0,33,52.88,45.0,90.0,2.5,,51,6,26
2026-06-18,2026-06-18T03:49:00+08:00,2026-06-18T09:02:00+08:00,312,56,180,76,1,433,1.298,6.277,151,1.0,270,62.12,49.0,107.0,9.14,23.29,53,2,16
2026-06-19,,,0,0,0,0,0,0,,,,1.0,57,62.08,49.0,97.0,16.95,,,,
2026-06-20,,,0,0,0,0,0,0,,,,1.0,25,59.71,50.0,101.0,16.18,,,,
2026-06-21,2026-06-21T03:03:00+08:00,2026-06-21T09:35:00+08:00,392,77,226,89,0,572,0.949,5.608,165,1.0,115,58.08,47.0,97.0,4.68,,55,1,10
2026-06-22,2026-06-21T23:59:00+08:00,2026-06-22T09:41:00+08:00,580,341,239,0,2,702,0.71,5.674,174,1.0,69,53.97,43.0,91.0,2.26,26.82,50,2,12
2026-06-23,2026-06-22T23:41:00+08:00,2026-06-23T08:57:00+08:00,551,239,312,0,5,616,0.613,5.515,73,1.0,908,54.41,46.0,107.0,3.51,4.09,50,4,23
2026-06-24,2026-06-24T01:50:00+08:00,2026-06-24T12:14:00+08:00,617,392,225,0,7,744,0.832,6.083,169,1.0,536,58.33,43.0,121.0,5.95,13.91,52,4,20
2026-06-25,,,0,0,0,0,0,0,,,,1.0,470,70.48,52.0,98.0,12.96,,,,
2026-06-26,2026-06-26T02:07:00+08:00,2026-06-26T10:02:00+08:00,467,79,238,150,8,595,1.165,5.699,270,1.0,892,58.07,45.0,120.0,5.8,,54,3,24
2026-06-27,2026-06-27T02:48:08+08:00,2026-06-27T10:16:00+08:00,688,290,398,0,1,568,0.798,5.552,136,1.0,13,54.44,40.0,100.0,3.48,16.29,51,2,13
2026-06-28,2026-06-28T02:18:00+08:00,2026-06-28T08:47:00+08:00,388,70,251,67,1,509,1.055,5.697,166,1.0,1574,56.71,45.0,114.0,5.51,6.47,50,2,16
2026-06-29,,,0,0,0,0,0,0,,,,1.0,19,64.04,53.0,106.0,12.6,,,,
2026-06-30,2026-06-30T01:56:00+08:00,2026-06-30T10:45:00+08:00,529,93,331,105,0,657,0.914,6.023,138,1.0,292,54.79,45.0,101.0,4.2,,51,1,20
2026-07-01,2026-07-01T00:52:00+08:00,2026-07-01T09:19:00+08:00,497,98,298,101,10,619,1.053,5.515,231,1.0,238,54.98,43.0,109.0,7.45,9.93,49,8,30
2026-07-02,2026-07-02T01:06:00+08:00,2026-07-02T09:52:00+08:00,525,77,345,103,1,646,1.062,6.164,188,1.0,273,58.13,46.0,128.0,9.27,30.6,51,2,14
2026-07-03,,,0,0,0,0,0,0,,,,1.0,64,59.76,49.0,99.0,8.71,,,,
2026-07-04,,,0,0,0,0,0,0,,,,1.0,191,57.1,47.0,96.0,10.19,,,,
2026-07-05,,,0,0,0,0,0,0,,,,1.0,49,86.2,74.0,116.0,55.5,,,,
2026-07-06,2026-07-06T03:02:00+08:00,2026-07-06T10:25:00+08:00,438,36,313,89,5,563,0.958,5.846,154,1.0,269,66.28,48.0,132.0,15.28,,59,3,21
2026-07-07,2026-07-07T03:28:00+08:00,2026-07-07T12:14:00+08:00,526,311,215,0,0,646,0.527,5.522,144,1.0,126,61.39,49.0,90.0,15.92,30.23,58,1,9
2026-07-08,,,0,0,0,0,0,0,,,,1.0,136,91.14,75.0,103.0,43.0,,,,
2026-07-09,2026-07-09T01:06:00+08:00,2026-07-09T10:24:00+08:00,541,3,266,272,17,678,0.831,5.52,170,1.0,52,58.62,51.0,117.0,3.07,,56,6,28
2026-07-10,,,0,0,0,0,0,60,0.8,5.524,10,1.0,51,59.3,50.0,109.0,3.05,,,,
2026-07-11,2026-07-10T22:42:00+08:00,2026-07-11T07:51:00+08:00,545,258,287,0,4,609,0.769,7.42,105,1.0,521,59.13,40.0,117.0,5.01,,52,2,22
2026-07-12,2026-07-12T02:39:00+08:00,2026-07-12T15:29:00+08:00,765,298,467,0,5,890,0.583,5.524,118,1.0,121,56.45,49.0,99.0,1.65,6.5,54,2,15
2026-07-13,,,0,0,0,0,0,0,,,,1.0,10088,85.48,40.0,165.0,43.72,,,,
2026-07-14,,,0,0,0,0,0,0,,,,1.0,18551,88.98,49.0,132.0,60.68,,,,
2026-07-15,,,0,0,0,0,0,0,,,,1.0,7339,94.97,73.0,132.0,63.02,,,,
2026-07-16,,,0,0,0,0,0,0,,,,1.0,0,,,,,,,,
2026-07-17,2026-07-17T03:09:00+08:00,2026-07-17T09:55:00+08:00,404,44,270,90,2,526,1.184,5.744,213,1.0,279,57.82,45.0,110.0,3.85,,52,3,13
2026-07-18,,,0,0,0,0,0,0,,,,1.0,0,68.0,68.0,68.0,,,,,
2026-07-19,2026-07-19T04:14:00+08:00,2026-07-19T15:21:00+08:00,662,420,242,0,5,787,0.601,5.515,146,1.0,86,56.07,46.0,87.0,4.08,,51,5,27
2026-07-20,2026-07-20T04:20:00+08:00,2026-07-20T11:45:00+08:00,411,84,220,107,34,565,1.117,5.681,255,1.0,47,53.79,44.0,100.0,2.73,9.26,51,5,25
2026-07-21,2026-07-21T03:58:00+08:00,2026-07-21T12:53:00+08:00,507,39,355,113,28,655,1.126,5.981,250,1.0,412,58.83,44.0,112.0,7.42,7.69,53,6,24
2026-07-22,,,0,0,0,0,0,0,,,,1.0,0,,,,,,,,
2026-07-23,2026-07-23T04:53:00+08:00,2026-07-23T11:00:00+08:00,361,62,205,94,6,487,1.306,5.85,205,1.0,63,55.98,46.0,105.0,6.61,,52,4,23
2026-07-24,,,0,0,0,0,0,0,,,,1.0,0,,,,,,,,
2026-07-25,2026-07-25T03:15:00+08:00,2026-07-25T12:00:00+08:00,477,77,298,102,48,645,1.056,5.694,274,1.0,123,58.58,49.0,98.0,6.26,,56,7,28
2026-07-26,,,0,0,0,0,0,0,,,,1.0,44,53.22,47.0,95.0,3.14,,,,
2026-07-27,2026-07-27T04:01:00+08:00,2026-07-27T12:17:00+08:00,483,78,325,80,13,616,0.943,5.57,186,1.0,217,56.41,44.0,97.0,3.48,,50,5,22
2026-07-28,,,0,0,0,0,0,0,,,,1.0,0,66.0,66.0,66.0,,,,,
2026-07-29,,,0,0,0,0,0,0,,,,1.0,1809,82.27,48.0,112.0,40.5,,,,
2026-07-30,,,0,0,0,0,0,0,,,,1.0,72,87.43,42.0,121.0,66.94,,,,
2026-07-31,,,0,0,0,0,0,0,,,,1.0,57,78.46,67.0,112.0,47.01,,,,
2026-08-01,,,0,0,0,0,0,0,,,,1.0,98,78.49,67.0,104.0,53.5,,,,
2026-08-02,2026-08-02T02:13:00+08:00,2026-08-02T11:21:00+08:00,548,65,389,94,0,668,0.784,5.827,148,1.0,35,71.83,61.0,103.0,23.76,,68,1,17
2026-08-03,,,0,0,0,0,0,0,,,,1.0,35,80.21,70.0,103.0,24.13,,,,
2026-08-04,2026-08-04T01:40:00+08:00,2026-08-04T10:42:00+08:00,533,125,306,102,9,662,0.807,5.812,155,1.0,276,73.95,47.0,112.0,21.75,,52,3,36
2026-08-05,,,0,0,0,0,0,0,,,,1.0,331,70.19,45.0,112.0,17.48,,,,
2026-08-06,2026-08-06T03:22:00+08:00,2026-08-06T15:29:00+08:00,727,316,411,0,0,847,0.6,5.629,163,1.0,9,72.14,62.0,99.0,16.74,,68,1,11
2026-08-07,2026-08-07T03:59:00+08:00,2026-08-07T11:25:00+08:00,425,38,276,111,21,566,1.177,5.955,203,1.0,311,71.15,50.0,114.0,18.24,22.47,62,6,22
2026-08-08,,,0,0,0,0,0,0,,,,1.0,0,,,,,,,,
2026-08-09,2026-08-09T01:44:00+08:00,2026-08-09T07:53:00+08:00,321,59,233,29,48,489,1.639,6.59,352,1.0,2404,85.63,57.0,125.0,44.91,,72,3,13
2026-08-10,,,0,0,0,0,0,0,,,,1.0,0,,,,,,,,
2026-08-11,,,0,0,0,0,0,0,,,,1.0,11,84.0,84.0,84.0,,,,,
2026-08-12,,,0,0,0,0,0,0,,,,1.0,1170,76.13,46.0,120.0,10.83,,,,
2026-08-13,,,0,0,0,0,0,0,,,,1.0,0,,,,,,,,
2026-08-14,,,0,0,0,0,0,0,,,,1.0,0,,,,,,,,
2026-08-16,,,0,0,0,0,0,0,,,,1.0,0,,,,,,,,
2026-08-17,2026-08-17T02:24:00+08:00,2026-08-17T08:37:00+08:00,347,13,274,60,26,493,1.624,7.367,244,1.0,6101,88.9,64.0,146.0,45.64,,72,4,18
2026-08-18,2026-08-18T04:56:00+08:00,2026-08-18T11:59:00+08:00,422,51,256,115,1,543,0.991,5.634,179,1.0,2462,82.22,40.0,147.0,32.3,57.76,72,2,18
2026-08-19,,,0,0,0,0,0,0,,,,1.0,5284,87.26,65.0,143.0,28.56,,,,
2026-08-20,2026-08-20T07:00:00+08:00,2026-08-20T11:30:00+08:00,0,0,0,0,0,60,0.959,5.542,11,1.0,3624,79.71,49.0,134.0,21.59,,74,0,0
2026-08-21,2026-08-20T22:31:00+08:00,2026-08-21T09:38:00+08:00,639,306,333,0,28,727,1.058,7.522,231,1.0,10259,90.88,42.0,137.0,30.17,21.81,62,8,28
2026-08-22,2026-08-22T06:41:00+08:00,2026-08-22T16:12:00+08:00,562,24,382,156,9,751,1.083,6.342,225,1.0,221,83.85,68.0,127.0,27.26,31.39,77,3,25
2026-08-23,2026-08-22T22:32:00+08:00,2026-08-23T04:56:00+08:00,384,258,126,0,0,444,0.474,5.708,61,1.0,61,79.9,64.0,114.0,25.84,78.57,69,1,14
2026-08-24,,,0,0,0,0,0,0,,,,1.0,36,77.6,66.0,109.0,24.02,,,,
2026-08-25,,,0,0,0,0,0,0,,,,1.0,4423,83.14,65.0,132.0,27.31,,,,
2026-08-26,,,0,0,0,0,0,0,,,,1.0,5392,88.8,63.0,138.0,32.85,,,,
2026-08-27,2026-08-27T01:37:00+08:00,2026-08-27T05:17:00+08:00,188,0,114,74,32,340,1.633,6.233,229,1.0,3340,79.78,44.0,116.0,21.91,,66,4,21
2026-08-28,2026-08-28T02:26:00+08:00,2026-08-28T07:58:00+08:00,332,38,207,87,0,452,1.743,7.392,248,1.0,8418,78.25,51.0,125.0,14.37,17.2,59,1,15
2026-08-29,2026-08-29T01:50:00+08:00,2026-08-29T07:05:00+08:00,315,24,188,103,0,435,1.834,6.94,205,1.0,5543,77.43,48.0,122.0,20.26,16.69,58,1,9
2026-08-30,2026-08-30T01:46:00+08:00,2026-08-30T07:01:00+08:00,313,54,209,50,2,435,1.681,7.018,186,1.0,5294,74.58,50.0,134.0,18.91,23.85,56,2,16
2026-08-31,2026-08-31T01:42:00+08:00,2026-08-31T08:29:00+08:00,398,10,281,107,9,527,1.931,7.589,386,1.0,9567,77.43,49.0,131.0,18.91,20.13,57,4,15
2026-09-01,2026-09-01T02:37:00+08:00,2026-09-01T07:32:00+08:00,293,26,210,57,2,415,1.572,6.853,290,1.0,7644,76.11,52.0,133.0,23.47,26.01,54,3,15
2026-09-02,2026-09-02T02:49:00+08:00,2026-09-02T08:14:00+08:00,325,31,195,99,0,445,1.902,6.952,282,1.0,10242,75.97,49.0,137.0,28.75,29.86,58,1,9
2026-09-03,2026-09-03T02:28:00+08:00,2026-09-03T09:01:00+08:00,392,36,221,135,1,513,2.077,7.614,339,1.0,9285,77.4,49.0,127.0,27.7,38.18,54,2,15
2026-09-04,2026-09-04T02:48:00+08:00,2026-09-04T08:15:00+08:00,323,27,201,95,4,447,1.796,7.027,253,1.0,10341,77.9,48.0,141.0,28.47,33.41,54,3,13
2026-09-05,2026-09-05T02:25:00+08:00,2026-09-05T08:34:00+08:00,367,30,241,96,2,489,1.709,7.224,243,1.0,7531,74.57,48.0,139.0,27.73,40.43,54,3,11
2026-09-06,2026-09-06T06:22:00+08:00,2026-09-06T11:57:00+08:00,335,41,187,107,0,455,1.496,6.783,196,1.0,7287,77.28,52.0,128.0,34.49,34.99,59,1,7
2026-09-07,2026-09-07T04:16:00+08:00,2026-09-07T08:19:00+08:00,242,41,128,73,1,363,2.037,7.46,224,1.0,13129,79.43,52.0,131.0,40.56,49.31,60,2,10
2026-09-08,2026-09-08T02:11:00+08:00,2026-09-08T08:26:00+08:00,373,33,188,152,2,495,1.653,6.997,243,1.0,7415,72.67,50.0,113.0,26.61,52.47,54,3,13
2026-09-09,2026-09-09T03:25:00+08:00,2026-09-09T08:23:00+08:00,298,42,175,81,0,418,1.82,7.903,207,1.0,6871,75.46,48.0,155.0,27.35,32.75,55,1,13
2026-09-10,2026-09-10T05:14:00+08:00,2026-09-10T08:34:00+08:00,199,35,91,73,1,320,1.828,5.893,169,1.0,6732,77.03,48.0,128.0,32.79,33.2,54,2,12
2026-09-11,2026-09-11T01:59:00+08:00,2026-09-11T07:06:00+08:00,307,31,182,94,0,427,1.94,7.724,235,1.0,14899,83.67,48.0,143.0,42.04,43.12,57,1,10
2026-09-12,2026-09-12T01:30:00+08:00,2026-09-12T11:32:00+08:00,568,26,367,175,21,722,1.064,7.053,269,1.0,2269,72.57,48.0,124.0,27.69,57.18,56,3,24
2026-09-13,2026-09-13T05:43:00+08:00,2026-09-13T13:43:00+08:00,480,53,265,162,0,600,1.502,6.592,288,1.0,5421,72.57,49.0,130.0,21.5,32.09,57,1,16
2026-09-14,2026-09-14T04:28:00+08:00,2026-09-14T08:32:00+08:00,243,29,156,58,1,364,2.1,7.853,236,1.0,9207,77.17,46.0,149.0,28.05,32.04,56,2,7
2026-09-15,2026-09-15T06:07:00+08:00,2026-09-15T09:15:00+08:00,188,46,109,33,0,368,2.179,6.809,238,1.0,7371,75.14,48.0,133.0,33.22,31.03,59,1,6
2026-09-16,2026-09-15T23:00:00+08:00,2026-09-16T04:30:00+08:00,329,51,278,0,1,390,1.102,5.856,135,1.0,9466,76.26,50.0,132.0,30.73,48.62,57,2,9
2026-09-17,2026-09-17T08:00:00+08:00,2026-09-17T13:00:00+08:00,279,28,251,0,21,420,1.82,6.972,234,1.0,7621,78.61,49.0,136.0,31.89,,57,7,15
2026-09-18,2026-09-18T01:10:00+08:00,2026-09-18T07:59:00+08:00,404,15,257,132,5,529,1.635,8.054,242,1.0,8902,75.0,49.0,127.0,24.62,56.35,58,3,13
2026-09-19,2026-09-19T04:33:00+08:00,2026-09-19T12:23:00+08:00,469,50,290,129,1,590,1.209,6.29,201,1.0,5033,68.68,47.0,122.0,17.2,30.43,54,2,14
2026-09-20,2026-09-20T04:32:00+08:00,2026-09-20T13:34:00+08:00,520,24,325,171,22,662,1.429,6.276,277,1.0,13159,75.09,47.0,137.0,23.24,20.08,49,4,18
2026-09-21,2026-09-21T04:26:00+08:00,2026-09-21T08:27:00+08:00,240,25,128,87,1,361,2.306,7.148,253,1.0,8058,77.67,48.0,131.0,32.74,50.37,58,2,11
2026-09-22,2026-09-22T04:55:00+08:00,2026-09-22T08:31:00+08:00,208,0,132,76,8,396,2.099,6.698,249,1.0,13222,78.36,47.0,118.0,34.89,39.89,57,2,6
2026-09-23,2026-09-22T23:36:00+08:00,2026-09-23T03:17:00+08:00,218,24,143,51,3,332,1.52,6.219,266,1.0,10481,78.3,48.0,149.0,36.29,43.11,58,3,17
2026-09-24,2026-09-24T00:09:00+08:00,2026-09-24T09:22:00+08:00,521,56,310,155,10,622,1.049,6.796,175,1.0,9296,74.03,47.0,134.0,25.12,39.25,55,3,22
2026-09-25,2026-09-25T03:47:00+08:00,2026-09-25T10:08:00+08:00,376,5,201,170,5,501,1.792,8.052,334,1.0,11421,88.36,48.0,140.0,43.1,41.18,56,3,14
2026-09-26,2026-09-26T02:09:00+08:00,2026-09-26T08:52:00+08:00,401,24,235,142,2,583,1.546,6.76,329,1.0,7223,74.13,46.0,134.0,25.65,57.09,54,3,15
2026-09-27,2026-09-26T23:43:00+08:00,2026-09-27T13:31:00+08:00,774,144,438,192,54,888,0.956,5.9,285,1.0,1332,66.18,50.0,116.0,26.33,42.59,57,6,37
2026-09-28,2026-09-28T03:22:00+08:00,2026-09-28T11:59:00+08:00,513,25,305,183,4,637,1.254,6.551,306,1.0,4691,70.78,48.0,126.0,27.78,43.2,56,3,18
2026-09-29,2026-09-29T04:39:00+08:00,2026-09-29T09:03:00+08:00,224,12,176,36,40,384,2.082,6.788,249,1.0,9084,78.83,51.0,121.0,32.84,38.24,63,8,22
2026-09-30,2026-09-30T03:07:00+08:00,2026-09-30T08:31:00+08:00,323,15,178,130,1,444,1.697,7.093,189,1.0,7704,77.42,49.0,131.0,33.5,38.49,55,2,17
2026-10-01,2026-10-01T04:48:00+08:00,2026-10-01T09:05:00+08:00,255,19,168,68,2,377,1.845,6.108,250,1.0,5930,76.62,52.0,140.0,35.06,37.72,60,2,10
2026-10-02,2026-10-02T03:24:00+08:00,2026-10-02T12:05:00+08:00,509,42,290,177,12,586,1.202,5.945,268,1.0,188,64.09,51.0,96.0,20.78,50.28,59,4,24
